"Freq [GHz]","dB(S(1,1)) []"
0.002,-0.000374561259655391
0.002998,-0.000621449679613002
0.003996,-0.000959385249734069
0.004994,-0.00138204749208021
0.005992,-0.00188317149911123
0.00699,-0.00245816242284133
0.007988,-0.00310634234551064
0.008986,-0.00383403742177614
0.009984,-0.00465879832647005
0.010982,-0.00537801863987591
0.01198,-0.00623876812397759
0.012978,-0.00726779032463652
0.013976,-0.00849219767905594
0.014974,-0.00994435023018706
0.015972,-0.0116633287376178
0.01697,-0.0136968473230898
0.017968,-0.0161037521312755
0.018966,-0.0189573129070499
0.019964,-0.0223495992177891
0.020962,-0.0263973528645912
0.02196,-0.0312499374003668
0.022958,-0.0371001833596832
0.023956,-0.0441992745209213
0.024954,-0.0528772494007372
0.025952,-0.0635711991477076
0.02695,-0.0768636849259358
0.027948,-0.0935337998900392
0.028946,-0.114621328556221
0.029944,-0.141497176634734
0.030942,-0.175912486598611
0.03194,-0.21994726938101
0.032938,-0.275668310033289
0.033936,-0.344121797816168
0.034934,-0.42317201010332
0.035932,-0.504310955973401
0.03693,-0.571011549812132
0.037928,-0.603944109851931
0.038926,-0.59340872962297
0.039924,-0.54671712059387
0.040922,-0.481277009668968
0.04192,-0.412880351658617
0.042918,-0.350545571339075
0.043916,-0.297534604858822
0.044914,-0.253947343865224
0.045912,-0.218617619805048
0.04691,-0.190087473762535
0.047908,-0.167004786827048
0.048906,-0.148242337064201
0.049904,-0.132903073260236
0.050902,-0.120287514599876
0.0519,-0.109854215478173
0.052898,-0.101184206199985
0.053896,-0.0939521656523693
0.054894,-0.0879040970747644
0.055892,-0.0828403995411678
0.05689,-0.0786031413437836
0.057888,-0.0750665103400835
0.058886,-0.0721296343795213
0.059884,-0.0697111615660299
0.060882,-0.0677451476754781
0.06188,-0.0661779178177046
0.062878,-0.0649656581712501
0.063876,-0.0640725585775902
0.064874,-0.0634693741242732
0.065872,-0.0631323083612708
0.06687,-0.0630421460484573
0.067868,-0.0631835819230796
0.068866,-0.0635447057824056
0.069864,-0.0641166145494012
0.070862,-0.0648931299066532
0.07186,-0.0658706062577678
0.072858,-0.0670478187348605
0.073856,-0.0684259251159975
0.074854,-0.0700084991654737
0.075852,-0.0718016363270987
0.07685,-0.0738141361266249
0.077848,-0.076057769309338
0.078846,-0.0785476419098219
0.079844,-0.0813026734203093
0.080842,-0.0843462123645595
0.08184,-0.0877068203778406
0.082838,-0.0914192659847025
0.083836,-0.0955257825362872
0.084834,-0.100077662437557
0.085832,-0.105137283577244
0.08683,-0.110780696200863
0.087828,-0.117100942828169
0.088826,-0.124212345256862
0.089824,-0.132256078588673
0.090822,-0.141407473439387
0.09182,-0.151885660242715
0.092818,-0.163966418159055
0.093816,-0.17799945242263
0.094814,-0.194431854321505
0.095812,-0.213840283976069
0.09681,-0.236975591264985
0.097808,-0.264825360771809
0.098806,-0.298702548083159
0.099804,-0.340372440201293
0.100802,-0.38493353279114
0.1018,-0.438806259580165
0.102798,-0.506652546885704
0.103796,-0.592616074511231
0.104794,-0.702313667563272
0.105792,-0.843317190168398
0.10679,-1.02562177275608
0.107788,-1.26172957415745
0.108786,-1.56529564342798
0.109784,-1.94582239921868
0.110782,-2.39483761267902
0.11178,-2.86042109529708
0.112778,-3.22575973003627
0.113776,-3.34649669000224
0.114774,-3.16770425056937
0.115772,-2.78063775818346
0.11677,-2.32854153185098
0.117768,-1.9078900210121
0.118766,-1.55547318386583
0.119764,-1.27388432822006
0.120762,-1.05294327147531
0.12176,-0.880149088612899
0.122758,-0.744435592815914
0.123756,-0.637016529900367
0.124754,-0.551214280443245
0.125752,-0.482036210061703
0.12675,-0.425761322018987
0.127748,-0.379606436296229
0.128746,-0.341475094582013
0.129744,-0.30977422748555
0.130742,-0.28328177797734
0.13174,-0.261051277056493
0.132738,-0.242342821037177
0.133736,-0.22657283583488
0.134734,-0.21327723410029
0.135732,-0.202084169061199
0.13673,-0.192693713654184
0.137728,-0.184862578155924
0.138726,-0.178392526041201
0.139724,-0.17312152947191
0.140722,-0.168916973768053
0.14172,-0.165670409601818
0.142718,-0.163293486583533
0.143716,-0.161714798884218
0.144714,-0.160877443918696
0.145712,-0.160737146751554
0.14671,-0.16126084126238
0.147708,-0.162425628073421
0.148706,-0.164218051551493
0.149704,-0.166633655840814
0.150702,-0.169676794346546
0.1517,-0.173360679509965
0.152698,-0.177707671019048
0.153696,-0.182749811585468
0.154694,-0.188529630849597
0.155692,-0.195101250640574
0.15669,-0.202531839614487
0.157688,-0.21090348331157
0.158686,-0.220315558308195
0.159684,-0.230887728243239
0.160682,-0.242763717584663
0.16168,-0.256116069549704
0.162678,-0.271152162472947
0.163676,-0.28812185103945
0.164674,-0.307327225053339
0.165672,-0.329135153085145
0.16667,-0.353993522260857
0.167668,-0.382452429232592
0.168666,-0.415192066335001
0.169664,-0.453059748655316
0.170662,-0.497119543457591
0.17166,-0.548719445105307
0.172658,-0.609583214089192
0.173656,-0.681937206001973
0.174654,-0.768687245205337
0.175652,-0.873667522306553
0.17665,-1.00199343271575
0.177648,-1.16056388373247
0.178646,-1.3587752374772
0.179644,-1.60952316608422
0.180642,-1.93055900443094
0.18164,-2.34616522255976
0.182638,-2.8887131390047
0.183636,-3.59835326830107
0.184634,-4.51511692294728
0.185632,-5.64678488983555
0.18663,-6.87528946952816
0.187628,-7.79679264999293
0.188626,-7.83077930415775
0.189624,-6.94370031076978
0.190622,-5.70377160398919
0.19162,-4.54360821198444
0.192618,-3.59890009549643
0.193616,-2.86695832639113
0.194614,-2.30789152887131
0.195612,-1.88040008714097
0.19661,-1.55090519396704
0.197608,-1.29417237163824
0.198606,-1.09177435407412
0.199604,-0.930361220947336
0.200602,-0.800243675603084
0.2016,-0.694342563342405
0.202598,-0.607439546941278
0.203596,-0.535649960979522
0.204594,-0.476052574254647
0.205592,-0.426428222540338
0.20659,-0.385073586131908
0.207588,-0.35066690856968
0.208586,-0.32216982374957
0.209584,-0.298754529993662
0.210582,-0.279749030339867
0.21158,-0.264595559589463
0.212578,-0.25281898295885
0.213576,-0.244003095197334
0.214574,-0.237773503282722
0.215572,-0.233786218735575
0.21657,-0.231721272915768
0.217568,-0.231280656959592
0.218566,-0.232189749079008
0.219564,-0.234201213867679
0.220562,-0.237100232348321
0.22156,-0.240709919966757
0.222558,-0.244895944409126
0.223556,-0.249569648108502
0.224554,-0.254689352312012
0.225552,-0.260259892521497
0.22655,-0.266330738987735
0.227548,-0.272993248670789
0.228546,-0.280377669189108
0.229544,-0.288650491888938
0.230542,-0.298012667064202
0.23154,-0.308699088687054
0.232538,-0.320979661021708
0.233536,-0.335162196748773
0.234534,-0.351597377233769
0.235532,-0.370686034947311
0.23653,-0.392889097418071
0.237528,-0.418740663725139
0.238526,-0.448864874239369
0.239524,-0.483997493973942
0.240522,-0.525013479842208
0.24152,-0.572962274134295
0.242518,-0.62911320803976
0.243516,-0.695014279394369
0.244514,-0.772568788721966
0.245512,-0.864136023578689
0.24651,-0.972664587641451
0.247508,-1.10187039515838
0.248506,-1.25647627016027
0.249504,-1.44253723791856
0.250502,-1.66788614907329
0.2515,-1.94275022249629
0.252498,-2.28061404896689
0.253496,-2.69944573026905
0.254494,-3.2234755532765
0.255492,-3.8858563740944
0.25649,-4.73282694696153
0.257488,-5.83065189201903
0.258486,-7.27811142417181
0.259484,-9.23045826516133
0.260482,-11.9419319391751
0.26148,-15.7360552862834
0.262478,-19.2485478990646
0.263476,-16.7807572248231
0.264474,-12.8200900095147
0.265472,-9.94292072108215
0.26647,-7.88868332182564
0.267468,-6.37428688981487
0.268466,-5.22710950541813
0.269464,-4.33979923676565
0.270462,-3.64198142929833
0.27146,-3.08548979175175
0.272458,-2.63630080833303
0.273456,-2.26981492281972
0.274454,-1.96792353072271
0.275452,-1.71709914557505
0.27645,-1.5071085881117
0.277448,-1.33012387193864
0.278446,-1.18009599516063
0.279444,-1.05230708685776
0.280442,-0.943045949413525
0.28144,-0.849370315395667
0.282438,-0.768930840939058
0.283436,-0.699839555743524
0.284434,-0.640570658011945
0.285432,-0.589885068490114
0.28643,-0.54677259505883
0.287428,-0.510407263321644
0.288426,-0.480112572046487
0.289424,-0.455334290134661
0.290422,-0.435619028599985
0.29142,-0.420597268239669
0.292418,-0.409969850486501
0.293416,-0.403497179591266
0.294414,-0.40099056281797
0.295412,-0.402305248731498
0.29641,-0.407334824022831
0.297408,-0.416006705340831
0.298406,-0.428278520562264
0.299404,-0.444135218403633
0.300402,-0.463586779606324
0.3014,-0.486666429575257
0.302398,-0.513429273145177
0.303396,-0.543951288443872
0.304394,-0.578328629626939
0.305392,-0.61667719832436
0.30639,-0.659132451517437
0.307388,-0.705849419655557
0.308386,-0.75700291340025
0.309384,-0.812787900619777
0.310382,-0.873420037225699
0.31138,-0.939136336123045
0.312378,-1.01019595781639
0.313376,-1.08688110383335
0.314374,-1.16949798970614
0.315372,-1.25837786720686
0.31637,-1.35387805502614
0.317368,-1.45638292192406
0.318366,-1.5871549582775
0.319364,-1.7576535359897
0.320362,-1.97179729910923
0.32136,-2.23945488650599
0.322358,-2.57258315532456
0.323356,-2.98546744502908
0.324354,-3.49481603803966
0.325352,-4.1195216685571
0.32635,-4.8797018258067
0.327348,-5.79414074014781
0.328346,-6.87403376593923
0.329344,-8.10809088461517
0.330342,-9.42927391770873
0.33134,-10.6562523857378
0.332338,-11.4603528045511
0.333336,-11.531391491658
0.334334,-10.8982946591633
0.335332,-9.88490423889687
0.33633,-8.78568437721658
0.337328,-7.74871894509837
0.338326,-6.82335603857125
0.339324,-6.01470522802554
0.340322,-5.31200341152134
0.34132,-4.70046419848298
0.342318,-4.16570715222964
0.343316,-3.695186023543
0.344314,-3.27846638271673
0.345312,-2.90709435488886
0.34631,-2.57434695241825
0.347308,-2.27497234453691
0.348306,-2.00495453237694
0.349304,-1.76130700460797
0.350302,-1.54188837874991
0.3513,-1.34522963554286
0.352298,-1.17036349183524
0.353296,-1.01665036429394
0.354294,-0.883601527041941
0.355292,-0.770707380297318
0.35629,-0.677285355127669
0.357288,-0.602365451641468
0.358286,-0.544629665277143
0.359284,-0.502414088256568
0.360282,-0.473771082753632
0.36128,-0.456577286689626
0.362278,-0.448665291260978
0.363276,-0.447955010314106
0.364274,-0.452564903788594
0.365272,-0.460891074858318
0.36627,-0.471650834246568
0.367268,-0.48389421002445
0.368266,-0.496990940776847
0.369264,-0.510601783965738
0.370262,-0.52464226302135
0.37126,-0.539245206849853
0.372258,-0.554726379579227
0.373256,-0.571555640534434
0.374254,-0.590334628262275
0.375252,-0.611780954188133
0.37625,-0.636718246543906
0.377248,-0.666070991638696
0.378246,-0.700862865038116
0.379244,-0.742217033419029
0.380242,-0.791356662604269
0.38124,-0.849603531769415
0.382238,-0.918372189821761
0.383236,-0.999156480340299
0.384234,-1.09350451846913
0.385232,-1.20297738425692
0.38623,-1.32908602945624
0.387228,-1.47320040897496
0.388226,-1.63642501556187
0.389224,-1.81943636508844
0.390222,-2.02228128907645
0.39122,-2.24414102972006
0.392218,-2.48307597836057
0.393216,-2.73577992922542
0.394214,-2.99739024714214
0.395212,-3.26141826638427
0.39621,-3.51987554342381
0.397208,-3.76366480247021
0.398206,-3.98326636157294
0.399204,-4.16967529120932
0.400202,-4.31544532790043
0.4012,-4.41561349167221
0.402198,-4.46826787318608
0.403196,-4.47460844720256
0.404194,-4.43850753751865
0.405192,-4.36572601619836
0.40619,-4.26301281461447
0.407188,-4.13729160380281
0.408186,-3.99505560326061
0.409184,-3.84200164884945
0.410182,-3.68287228988272
0.41118,-3.52144755416566
0.412178,-3.36062707734696
0.413176,-3.20255544762962
0.414174,-3.04875894061015
0.415172,-2.90027510836154
0.41617,-2.7577662663424
0.417168,-2.62161397796639
0.418166,-2.49199502390513
0.419164,-2.36894096100938
0.420162,-2.25238393555568
0.42116,-2.14219140476003
0.422158,-2.03819214214207
0.423156,-1.94019552983073
0.424154,-1.84800576511432
0.425152,-1.76143227132089
0.42615,-1.68029731921233
0.427148,-1.60444163536512
0.428146,-1.53372859308337
0.429144,-1.468047441649
0.430142,-1.40731592341827
0.43114,-1.35148254845144
0.432138,-1.30052873710119
0.433136,-1.25447099743512
0.434134,-1.21336327259306
0.435132,-1.17729956996353
0.43613,-1.14641696669013
0.437128,-1.12089907205725
0.438126,-1.1009800143843
0.439124,-1.08694900561854
0.440122,-1.07915551784586
0.44112,-1.07801507862896
0.442118,-1.08401565143924
0.443116,-1.09772450678668
0.444114,-1.11979539997969
0.445112,-1.15097574073837
0.44611,-1.1921132522474
0.447108,-1.24416135208166
0.448106,-1.30818211883818
0.449104,-1.38534520493832
0.450102,-1.47692038246596
0.4511,-1.58426052940582
0.452098,-1.70877075112724
0.453096,-1.85185798532262
0.454094,-2.01485391496637
0.455092,-2.19890248505436
0.45609,-2.40480216612013
0.457088,-2.63279307077651
0.458086,-2.88228142183249
0.459084,-3.15150082911401
0.460082,-3.43712446008138
0.46108,-3.73386816523761
0.462078,-4.03416437599417
0.463076,-4.32803675503291
0.464074,-4.60334915429446
0.465072,-4.84660163305901
0.46607,-5.04434891528259
0.467068,-5.18509415527835
0.468066,-5.26122296764781
0.469064,-5.27036313728429
0.470062,-5.21566924590346
0.47106,-5.10494156233499
0.472058,-4.94895245373425
0.473056,-4.75958151584856
0.474054,-4.54826825437304
0.475052,-4.32502274975083
0.47605,-4.09798469923375
0.477048,-3.87338740423879
0.478046,-3.65575831029791
0.479044,-3.44822138196744
0.480042,-3.25281521202445
0.48104,-3.07078184896174
0.482038,-2.9028086966772
0.483036,-2.74922106752051
0.484034,-2.61012965153054
0.485032,-2.48553834293637
0.48603,-2.37541526046426
0.487028,-2.27972375558102
0.488026,-2.19839987464891
0.489024,-2.13124672351378
0.490022,-2.07769494499011
0.49102,-2.03636204744519
0.492018,-2.00436919148144
0.493016,-1.97653138771074
0.494014,-1.9449362060128
0.495012,-1.89994552282973
0.49601,-1.83346914416375
0.497008,-1.74338485813557
0.498006,-1.63553723013277
0.499004,-1.52096298773463
0.500002,-1.41066927376154
0.501,-1.31209178785216
0.501998,-1.22857666412331
0.502996,-1.16057767671288
0.503994,-1.10706423106719
0.504992,-1.06649949998781
0.50599,-1.03735864502683
0.506988,-1.01834436705768
0.507986,-1.00844409283386
0.508984,-1.00691795094408
0.509982,-1.01326320575076
0.51098,-1.02717547032689
0.511978,-1.04851425186098
0.512976,-1.07727456302895
0.513974,-1.1135639158044
0.514972,-1.15758311289757
0.51597,-1.20960894574334
0.516968,-1.26997677353921
0.517966,-1.33906081341504
0.518964,-1.41724975246849
0.519962,-1.50491499811361
0.52096,-1.6023685665281
0.521958,-1.70980738662648
0.522956,-1.82724087736309
0.523954,-1.95439937570359
0.524952,-2.09062284507344
0.52595,-2.234732918838
0.526948,-2.38489739724677
0.527946,-2.53850519008678
0.528944,-2.69208082567207
0.529942,-2.84127862372139
0.53094,-2.98100233924306
0.531938,-3.10568887679845
0.532936,-3.20976704314209
0.533934,-3.28825284753761
0.534932,-3.33738324685649
0.53593,-3.3551465920925
0.536928,-3.34156982270191
0.537926,-3.29868139610949
0.538924,-3.23016441812877
0.539922,-3.14080238794371
0.54092,-3.03586156410437
0.541918,-2.92053962536507
0.542916,-2.79955970333862
0.543914,-2.67693190999017
0.544912,-2.55586262491411
0.54591,-2.43877166869776
0.546908,-2.3273749960893
0.547906,-2.22279794041561
0.548904,-2.12569465409462
0.549902,-2.03635923480756
0.5509,-1.99229336131157
0.551898,-1.9543213732158
0.552896,-1.91809199453577
0.553894,-1.88363604534617
0.554892,-1.85098885521712
0.55589,-1.82019092336143
0.556888,-1.79128866063305
0.557886,-1.76433522614049
0.558884,-1.73939147326713
0.559882,-1.71652702223002
0.56088,-1.69582147899394
0.561878,-1.67736582342206
0.562876,-1.6612639930111
0.563874,-1.64763469243598
0.564872,-1.63661346339276
0.56587,-1.62835505380742
0.566868,-1.6230361302178
0.567866,-1.62085838175637
0.568864,-1.62205206818523
0.569862,-1.62688006708416
0.57086,-1.63564247533707
0.571858,-1.64868181559374
0.572856,-1.6663888864876
0.573854,-1.68920927167346
0.574852,-1.71765048066307
0.57585,-1.75228962431983
0.576848,-1.7937814156434
0.577846,-1.84286611185029
0.578844,-1.90037674800802
0.579842,-1.96724461573526
0.58084,-2.04450135898931
0.581838,-2.13327522331818
0.582836,-2.23477782160949
0.583834,-2.35027618022614
0.584832,-2.48104273876574
0.58583,-2.62827341208584
0.586828,-2.79296100803014
0.587826,-2.97570888205047
0.588824,-3.17646915594612
0.589822,-3.39419391760098
0.59082,-3.62640120902303
0.591818,-3.86868682094207
0.592816,-4.1142643503064
0.593814,-4.35368950610192
0.594812,-4.57500062540656
0.59581,-4.76453144372182
0.596808,-4.9085388761422
0.597806,-4.99547934772131
0.598804,-5.01834393773713
0.599802,-4.97620200026163
0.6008,-4.87429930698327
0.601798,-4.72268550717324
0.602796,-4.53398714063696
0.603794,-4.32116647252087
0.604792,-4.09586914846706
0.60579,-3.86754982721539
0.606788,-3.64325416792733
0.607786,-3.42781636993206
0.608784,-3.22424953791045
0.609782,-3.03417738483466
0.61078,-2.85822596940414
0.611778,-2.69634347652684
0.612776,-2.5480441281643
0.613774,-2.41258531081525
0.614772,-2.28909118612521
0.61577,-2.1766358449736
0.616768,-2.07429709316388
0.617766,-1.98118957149568
0.618764,-1.89648371674475
0.619762,-1.81941526929467
0.62076,-1.74928864806528
0.621758,-1.68547648989524
0.622756,-1.62741691470849
0.623754,-1.57460955936105
0.624752,-1.52661106364991
0.62575,-1.4830304463207
0.626748,-1.44352464337977
0.627746,-1.40779437123448
0.628744,-1.37558040583923
0.629742,-1.3466603239817
0.63074,-1.3208457256925
0.631738,-1.29797994172585
0.632736,-1.27793622320699
0.633734,-1.26061640921735
0.634732,-1.24595007051068
0.63573,-1.23389413252495
0.636728,-1.22443298755421
0.637726,-1.2175791137563
0.638724,-1.21337422705011
0.639722,-1.21189100027297
0.64072,-1.21323539135596
0.641718,-1.21754962739438
0.642716,-1.22501589222937
0.643714,-1.23586075818143
0.644712,-1.2503603826945
0.64571,-1.26884644991137
0.646708,-1.29171276367042
0.647706,-1.31942227456088
0.648704,-1.35251412444295
0.649702,-1.39160998260025
0.6507,-1.43741848266202
0.651698,-1.49073589161895
0.652696,-1.55244018664161
0.653694,-1.62347441748029
0.654692,-1.70481354413178
0.65569,-1.79740685725015
0.656688,-1.90208570329166
0.657686,-2.01942385590206
0.658684,-2.14953635256201
0.659682,-2.29180411576198
0.66068,-2.44452099479986
0.661678,-2.60448546506313
0.662676,-2.76661101673841
0.663674,-2.9237081376567
0.664672,-3.06666844805574
0.66567,-3.18528467244716
0.666668,-3.26977523800566
0.667666,-3.31273128924616
0.668664,-3.31083541110504
0.669662,-3.26562617744401
0.67066,-3.18296822518574
0.671658,-3.07150789963923
0.672656,-2.94080020949214
0.673654,-2.79975318119881
0.674652,-2.65570305033444
0.67565,-2.51410020403926
0.676648,-2.37861359737548
0.677646,-2.25144268244617
0.678644,-2.1336830391591
0.679642,-2.02566058662739
0.68064,-1.92720059851343
0.681638,-1.83782741205819
0.682636,-1.75690417774943
0.683634,-1.68372594835178
0.684632,-1.61757878231937
0.68563,-1.55777522924334
0.686628,-1.50367400725698
0.687626,-1.45468945855624
0.688624,-1.41029463681805
0.689622,-1.37002061264626
0.69062,-1.33345369236416
0.691618,-1.30023163723023
0.692616,-1.27003956414031
0.693614,-1.24260594326874
0.694612,-1.21769893793825
0.69561,-1.19512322573555
0.696608,-1.17471737586482
0.697606,-1.1563518213451
0.698604,-1.13992744614636
0.699602,-1.12537480022208
0.7006,-1.11265395527875
0.701598,-1.10175501803251
0.702596,-1.09269932346844
0.703594,-1.08554133650259
0.704592,-1.08037129487604
0.70559,-1.07731862749592
0.706588,-1.07655617906766
0.707586,-1.0783052619037
0.708584,-1.08284153742339
0.709582,-1.09050170157984
0.71058,-1.10169090966777
0.711578,-1.11689082785363
0.712576,-1.13666814540681
0.713574,-1.16168333122899
0.714572,-1.1926993841437
0.71557,-1.23059032647476
0.716568,-1.27634924438762
0.717566,-1.33109580018686
0.718564,-1.39608332523101
0.719562,-1.47270579888024
0.72056,-1.56250510650721
0.721558,-1.66717871197196
0.722556,-1.7885868806768
0.723554,-1.92875623750032
0.724552,-2.08987184776304
0.72555,-2.27424191422703
0.726548,-2.48420590281065
0.727546,-2.72193642374407
0.728544,-2.98905590910342
0.729542,-3.28595260156835
0.73054,-3.61064885954721
0.731538,-3.95708826962987
0.732536,-4.31286280247659
0.733534,-4.65686664740235
0.734532,-4.95827927071907
0.73553,-5.17931641833107
0.736528,-5.28385677130732
0.737526,-5.25035200945591
0.738524,-5.08180912296978
0.739522,-4.80515095154347
0.74052,-4.46025874410734
0.741518,-4.08672963121774
0.742516,-3.71545341855642
0.743514,-3.36632075573972
0.744512,-3.04973838955002
0.74551,-2.76940127119766
0.746508,-2.52487965195183
0.747506,-2.31353614934808
0.748504,-2.13177249694125
0.749502,-1.97576513890214
0.7505,-1.84185892470562
0.751498,-1.72675054376189
0.752496,-1.62755118886179
0.753494,-1.54178468714514
0.754492,-1.46735450547348
0.75549,-1.40249850791093
0.756488,-1.34574155169947
0.757486,-1.29585089587653
0.758484,-1.25179653495268
0.759482,-1.21271703861932
0.76048,-1.17789071063707
0.761478,-1.146711537587
0.762476,-1.11866928397101
0.763474,-1.09333309194894
0.764472,-1.07033799938932
0.76547,-1.04937386526844
0.766468,-1.03017626949836
0.767466,-1.01251902679558
0.768464,-0.996208017928517
0.769462,-0.98107609586432
0.77046,-0.966978869471595
0.771458,-0.953791204547791
0.772456,-0.941404312197484
0.773454,-0.929723319127954
0.774452,-0.918665234267883
0.77545,-0.905686053580907
0.776448,-0.890238775943652
0.777446,-0.875406805072913
0.778444,-0.861280784209415
0.779442,-0.847967641072501
0.78044,-0.835593864487204
0.781438,-0.824309498467858
0.782436,-0.814293017299195
0.783434,-0.805757280280684
0.784432,-0.798956804631136
0.78543,-0.794196637695197
0.786428,-0.791843150490456
0.787426,-0.792337104410622
0.788424,-0.796209343754145
0.789422,-0.804099406499544
0.79042,-0.816777168308656
0.791418,-0.835167245410372
0.792416,-0.860375126115047
0.793414,-0.893712635470279
0.794412,-0.936718002590437
0.79541,-0.991162005604508
0.796408,-1.05902585233023
0.797406,-1.14242821799938
0.798404,-1.24346860134526
0.799402,-1.36394439779279
0.8004,-1.50489672336418
0.801398,-1.66595898586639
0.802396,-1.84454367650005
0.803394,-2.0350260504889
0.804392,-2.22825715047009
0.80539,-2.41187626904339
0.806388,-2.57181562484927
0.807386,-2.69493522776482
0.808384,-2.7720040799899
0.809382,-2.79977416249303
0.81038,-2.7812146185055
0.811378,-2.72396328100387
0.812376,-2.63791976409783
0.813374,-2.53303721221312
0.814372,-2.41790345784341
0.81537,-2.29915812579606
0.816368,-2.18149725504587
0.817366,-2.06797522920929
0.818364,-1.96039414195382
0.819362,-1.85966732726511
0.82036,-1.76611317022708
0.821358,-1.67967342618646
0.822356,-1.60006656939139
0.823354,-1.52689103849275
0.824352,-1.45969225720057
0.82535,-1.39800455783792
0.826348,-1.34137625262133
0.827346,-1.28938367755213
0.828344,-1.24163819657356
0.829342,-1.19778883476579
0.83034,-1.15752229489057
0.831338,-1.12056149210114
0.832336,-1.08666332891594
0.833334,-1.05561616121241
0.834332,-1.02723722971247
0.83533,-1.00137021832076
0.836328,-0.977883029186089
0.837326,-0.95666582009704
0.838324,-0.937629323270013
0.839322,-0.920703449485045
0.84032,-0.90583617378377
0.841318,-0.892992695916377
0.842316,-0.882154868706709
0.843314,-0.873320889416803
0.844312,-0.866505252360909
0.84531,-0.861738965036399
0.846308,-0.859070034666923
0.847306,-0.858564237157278
0.848304,-0.860306185961818
0.849302,-0.864400724207008
0.8503,-0.870974669500696
0.851298,-0.880178947055404
0.852296,-0.89219115277364
0.853294,-0.907218593300444
0.854292,-0.925501853911056
0.85529,-0.947318946105082
0.856288,-0.97299008273009
0.857286,-1.00288311589686
0.858284,-1.037419646483
0.859282,-1.07708176533855
0.86028,-1.12241930271729
0.861278,-1.17405732477487
0.862276,-1.23270339551957
0.863274,-1.29915377708124
0.864272,-1.37429720937947
0.86527,-1.45911410601203
0.866268,-1.55466780993164
0.867266,-1.66208282329882
0.868264,-1.78250249876596
0.869262,-1.91701542976407
0.87026,-2.06653575012148
0.871258,-2.23161824984097
0.872256,-2.41218614532249
0.873254,-2.60715096403144
0.874252,-2.81391697358542
0.87525,-3.02779762710685
0.876248,-3.24144146911901
0.877246,-3.4444749666597
0.878244,-3.62369332849782
0.879242,-3.76417702842353
0.88024,-3.85152807536965
0.881238,-3.87490487965783
0.882236,-3.82986810733931
0.883234,-3.71976560291631
0.884232,-3.55493148712854
0.88523,-3.35008681559396
0.886228,-3.12114491488303
0.887226,-2.88259624357045
0.888224,-2.64602836478452
0.889222,-2.41971421198656
0.89022,-2.20889938831464
0.891218,-2.01640700712586
0.892216,-1.84329648982464
0.893214,-1.68944011566283
0.894212,-1.55397042325085
0.89521,-1.435600074143
0.896208,-1.33283597563515
0.897206,-1.24411402872156
0.898204,-1.16787844038989
0.899202,-1.10262486166876
0.9002,-1.04692185449291
0.901198,-0.999421097865438
0.902196,-0.958863393970892
0.903194,-0.924084772059686
0.904192,-0.894024658088632
0.90519,-0.867736137006904
0.906188,-0.844396863342814
0.907186,-0.823318322397331
0.908184,-0.80395102000118
0.909182,-0.785883757950057
0.91018,-0.768836231830254
0.911178,-0.752645433281678
0.912176,-0.737247396167861
0.913174,-0.722656443878538
0.914172,-0.708944192314211
0.91517,-0.696220222522257
0.916168,-0.684615738340558
0.917166,-0.674270862913715
0.918164,-0.665325652922565
0.919162,-0.657914499592487
0.92016,-0.652163355502951
0.921158,-0.648189148307125
0.922156,-0.646100771035315
0.923154,-0.646001127793271
0.924152,-0.647989826728989
0.92515,-0.652166224539553
0.926148,-0.658632624774231
0.927146,-0.667497509984328
0.928144,-0.678878744546813
0.929142,-0.692906722400686
0.93014,-0.709727454373044
0.931138,-0.729505595248505
0.932136,-0.752427402206929
0.933134,-0.778703593176894
0.934132,-0.808572033630614
0.93513,-0.842300118745101
0.936128,-0.880186627331565
0.937126,-0.922562693866512
0.938124,-0.969791360871506
0.939122,-1.02226491712288
0.94012,-1.08039887535772
0.941118,-1.14462097258263
0.942116,-1.21535296816865
0.943114,-1.29298227011585
0.944112,-1.3778195852431
0.94511,-1.47003800732138
0.946108,-1.56958854636706
0.947106,-1.67608766907437
0.948104,-1.78867498574252
0.949102,-1.90584527482603
0.9501,-2.02527032973501
0.951098,-2.14364379262461
0.952096,-2.25660482573033
0.953094,-2.35881723668195
0.954092,-2.44428452086879
0.95509,-2.50694741965065
0.956088,-2.54152513429899
0.957086,-2.54443955402982
0.958084,-2.51456206020107
0.959082,-2.45352248522689
0.96008,-2.36545356010586
0.961078,-2.25625327965156
0.962076,-2.13261302019727
0.963074,-2.00109521255911
0.964072,-1.86745896650599
0.96507,-1.7363001643556
0.966068,-1.6109669063894
0.967066,-1.49366149763033
0.968064,-1.38563782847575
0.969062,-1.28742513025172
0.97006,-1.1990363868832
0.971058,-1.12014202803431
0.972056,-1.0502041351859
0.973054,-0.988574253717608
0.974052,-0.934561147511865
0.97505,-0.887475411253968
0.976048,-0.846657147805274
0.977046,-0.811491750919969
0.978044,-0.781417637623209
0.979042,-0.755928736447626
0.98004,-0.734573711690756
0.981038,-0.716953281205067
0.982036,-0.702716533019699
0.983034,-0.691556826527163
0.984032,-0.683207642821149
0.98503,-0.677438598115518
0.986028,-0.674051732446351
0.987026,-0.672878116869378
0.988024,-0.673774774001329
0.989022,-0.676621869698262
0.99002,-0.681320100206856
0.991018,-0.687788162021367
0.992016,-0.695960142946947
0.993014,-0.705782602346317
0.994012,-0.71721100198283
0.99501,-0.73020498527031
0.996008,-0.744721750621209
0.997006,-0.760706377016088
0.998004,-0.77807736883175
0.999002,-0.79670479952826
1,-0.816377139835137
